{"cameraMode":{"drawMode":0,"name":"Shaded","section":"Shading Mode"},"sceneLighting":false,"audioPlay":false,"sceneViewState":{"showFog":true,"showMaterialUpdate":false,"showSkybox":false,"showFlares":true,"showImageEffects":true,"showParticleSystems":true},"in2DMode":false,"pivot":{"x":0.20999997854232789,"y":0.6100000143051148,"z":9.319999694824219},"rotation":{"x":-0.1831217110157013,"y":0.059237223118543628,"z":-0.01105503086000681,"w":-0.9812434315681458},"size":0.8660253882408142,"orthographic":false}